{
  "name": "bPopup",
  "main": "jquery.bpopup.js",
  "version": "0.11.0",
  "description": " bPopup is a lightweight jQuery modal popup plugin. It doesn't create or style your popup but provides you with all the logic like centering, modal overlay, events and more. It gives you a lot of opportunities to customize so it will fit your needs.",
  "homepage": "https://github.com/dinbror/bpopup",
  "keywords": [
    "bpopup",
    "popup",
    "overlay",
    "modal",
    "ui",
    "jquery"
  ],
  "authors": [
    {
      "name": "Bjørn Klinggaard",
      "url": "http://dinbror.dk",
      "email": "hello@dinbror.dk"
    }
  ],
  "license": "DWIWYWBPVMS",
  "moduleType": [
    "jquery"
  ],
  "ignore": [],
  "_release": "0.11.0",
  "_resolution": {
    "type": "version",
    "tag": "0.11.0",
    "commit": "8e506919b404f7afa854852a3a7c4e5ce99dbcfc"
  },
  "_source": "git://github.com/dinbror/bpopup.git",
  "_target": "^0.11.0",
  "_originalSource": "bpopup",
  "_direct": true
}