{
  "name": "owl.carousel",
  "version": "2.0.0-beta.3",
  "main": [
    "dist/owl.carousel.js",
    "dist/assets/owl.carousel.css"
  ],
  "ignore": [],
  "dependencies": {
    "jquery": ">= 1.8.3"
  },
  "devDependencies": {
    "foundation": "~5.5.2",
    "qunit": "1.14.0"
  },
  "homepage": "https://github.com/smashingboxes/OwlCarousel2",
  "_release": "2.0.0-beta.3",
  "_resolution": {
    "type": "version",
    "tag": "2.0.0-beta.3",
    "commit": "a363380b2839ab15e75772b59a16352a11a78333"
  },
  "_source": "git://github.com/smashingboxes/OwlCarousel2.git",
  "_target": "^2.0.0-beta.3",
  "_originalSource": "OwlCarousel2",
  "_direct": true
}